session,accuracy
1,0.2604166666666667
2,0.3645833333333333
3,0.3645833333333333
4,0.5520833333333334
5,0.5625
6,0.5833333333333334
7,0.5729166666666666
