mode,threshold_met
1,0.7619047619047619
2,0.6666666666666666
3,0.07142857142857142
4,0.0
